Source,Target,Type,Id,Label,timeset,Weight
82,3,Directed,0,,,1
53,3,Directed,1,,,2
20,3,Directed,2,,,3
70,3,Directed,3,,,12
41,3,Directed,4,,,1
89,3,Directed,5,,,1
65,3,Directed,6,,,2
54,3,Directed,7,,,1
88,3,Directed,8,,,1
78,3,Directed,9,,,1
102,3,Directed,10,,,1
20,4,Directed,11,,,1
2,4,Directed,12,,,1
82,5,Directed,13,,,1
53,5,Directed,14,,,1
108,5,Directed,15,,,1
35,5,Directed,16,,,1
20,6,Directed,17,,,1
104,6,Directed,18,,,1
2,6,Directed,19,,,1
82,6,Directed,20,,,1
53,6,Directed,21,,,1
28,6,Directed,22,,,1
108,6,Directed,23,,,1
4,6,Directed,24,,,1
69,6,Directed,25,,,1
35,6,Directed,26,,,2
14,6,Directed,27,,,1
60,6,Directed,28,,,1
1,7,Directed,29,,,2
35,7,Directed,30,,,3
23,7,Directed,31,,,1
26,7,Directed,32,,,2
38,7,Directed,33,,,3
29,7,Directed,34,,,3
86,7,Directed,35,,,2
58,7,Directed,36,,,1
73,7,Directed,37,,,1
74,7,Directed,38,,,2
89,7,Directed,39,,,1
5,7,Directed,40,,,1
61,7,Directed,41,,,1
92,7,Directed,42,,,4
60,7,Directed,43,,,2
45,7,Directed,44,,,2
51,7,Directed,45,,,1
79,7,Directed,46,,,1
48,7,Directed,47,,,5
25,7,Directed,48,,,1
68,7,Directed,49,,,3
41,7,Directed,50,,,4
42,7,Directed,51,,,2
2,7,Directed,52,,,1
37,7,Directed,53,,,1
52,7,Directed,54,,,3
55,7,Directed,55,,,2
64,7,Directed,56,,,1
95,7,Directed,57,,,1
63,7,Directed,58,,,4
69,7,Directed,59,,,4
88,7,Directed,60,,,2
98,7,Directed,61,,,2
31,7,Directed,62,,,3
96,7,Directed,63,,,1
82,7,Directed,64,,,1
11,7,Directed,65,,,4
108,7,Directed,66,,,1
22,7,Directed,67,,,4
103,7,Directed,68,,,2
81,7,Directed,69,,,5
4,7,Directed,70,,,2
10,7,Directed,71,,,1
109,7,Directed,72,,,3
44,7,Directed,73,,,1
90,7,Directed,74,,,1
53,7,Directed,75,,,1
71,7,Directed,76,,,1
20,7,Directed,77,,,2
99,7,Directed,78,,,2
3,7,Directed,79,,,1
47,7,Directed,80,,,1
101,7,Directed,81,,,2
67,7,Directed,82,,,2
102,7,Directed,83,,,1
21,7,Directed,84,,,2
49,7,Directed,85,,,3
78,7,Directed,86,,,2
70,7,Directed,87,,,1
33,7,Directed,88,,,1
12,7,Directed,89,,,5
59,7,Directed,90,,,1
16,7,Directed,91,,,2
28,7,Directed,92,,,2
99,8,Directed,93,,,5
91,8,Directed,94,,,1
59,8,Directed,95,,,1
82,8,Directed,96,,,1
37,8,Directed,97,,,3
20,8,Directed,98,,,3
101,8,Directed,99,,,3
98,8,Directed,100,,,2
79,8,Directed,101,,,1
86,8,Directed,102,,,1
47,8,Directed,103,,,5
36,8,Directed,104,,,1
49,8,Directed,105,,,1
76,8,Directed,106,,,1
53,8,Directed,107,,,1
55,8,Directed,108,,,1
44,8,Directed,109,,,1
97,8,Directed,110,,,1
35,8,Directed,111,,,1
15,8,Directed,112,,,1
81,9,Directed,113,,,2
14,9,Directed,114,,,1
31,9,Directed,115,,,1
65,9,Directed,116,,,1
48,9,Directed,117,,,2
108,9,Directed,118,,,1
54,9,Directed,119,,,2
22,9,Directed,120,,,1
82,9,Directed,121,,,1
90,9,Directed,122,,,1
95,9,Directed,123,,,1
10,9,Directed,124,,,1
35,9,Directed,125,,,1
99,9,Directed,126,,,2
41,9,Directed,127,,,1
53,9,Directed,128,,,1
20,9,Directed,129,,,1
4,9,Directed,130,,,2
16,9,Directed,131,,,1
55,9,Directed,132,,,1
92,9,Directed,133,,,1
96,9,Directed,134,,,2
101,9,Directed,135,,,1
49,9,Directed,136,,,1
73,9,Directed,137,,,1
104,9,Directed,138,,,1
69,9,Directed,139,,,1
33,9,Directed,140,,,1
76,9,Directed,141,,,1
88,9,Directed,142,,,1
78,9,Directed,143,,,1
2,9,Directed,144,,,1
5,9,Directed,145,,,1
73,10,Directed,146,,,4
33,10,Directed,147,,,4
78,10,Directed,148,,,4
69,10,Directed,149,,,3
2,11,Directed,150,,,1
38,11,Directed,151,,,3
74,11,Directed,152,,,2
96,11,Directed,153,,,1
40,11,Directed,154,,,1
29,11,Directed,155,,,3
101,11,Directed,156,,,1
60,11,Directed,157,,,1
109,11,Directed,158,,,3
49,11,Directed,159,,,3
26,11,Directed,160,,,3
68,11,Directed,161,,,4
76,11,Directed,162,,,1
21,11,Directed,163,,,2
43,11,Directed,164,,,1
103,11,Directed,165,,,5
16,11,Directed,166,,,2
47,11,Directed,167,,,1
52,11,Directed,168,,,2
35,11,Directed,169,,,3
72,11,Directed,170,,,1
95,11,Directed,171,,,3
55,11,Directed,172,,,2
79,11,Directed,173,,,3
12,11,Directed,174,,,4
98,11,Directed,175,,,2
44,11,Directed,176,,,1
73,11,Directed,177,,,4
3,11,Directed,178,,,1
85,11,Directed,179,,,1
108,11,Directed,180,,,1
22,11,Directed,181,,,2
4,11,Directed,182,,,1
65,11,Directed,183,,,1
45,11,Directed,184,,,2
10,11,Directed,185,,,1
88,11,Directed,186,,,3
69,11,Directed,187,,,3
31,11,Directed,188,,,2
58,11,Directed,189,,,1
37,11,Directed,190,,,3
42,11,Directed,191,,,3
102,11,Directed,192,,,3
82,11,Directed,193,,,3
20,11,Directed,194,,,1
1,11,Directed,195,,,1
63,11,Directed,196,,,2
99,11,Directed,197,,,1
67,11,Directed,198,,,2
28,11,Directed,199,,,2
14,11,Directed,200,,,4
53,11,Directed,201,,,1
89,11,Directed,202,,,2
90,11,Directed,203,,,1
33,11,Directed,204,,,8
104,11,Directed,205,,,1
81,11,Directed,206,,,4
48,11,Directed,207,,,3
5,11,Directed,208,,,2
25,11,Directed,209,,,1
92,11,Directed,210,,,5
54,11,Directed,211,,,3
78,11,Directed,212,,,5
53,13,Directed,213,,,1
24,13,Directed,214,,,1
55,13,Directed,215,,,1
77,13,Directed,216,,,1
54,13,Directed,217,,,1
20,13,Directed,218,,,1
76,13,Directed,219,,,1
58,13,Directed,220,,,1
47,13,Directed,221,,,1
15,14,Directed,222,,,9
28,14,Directed,223,,,7
1,14,Directed,224,,,13
4,14,Directed,225,,,48
34,14,Directed,226,,,12
70,14,Directed,227,,,13
102,14,Directed,228,,,1
108,14,Directed,229,,,8
104,14,Directed,230,,,46
2,14,Directed,231,,,51
35,14,Directed,232,,,11
44,14,Directed,233,,,8
33,14,Directed,234,,,1
3,14,Directed,235,,,9
89,14,Directed,236,,,1
41,14,Directed,237,,,1
20,14,Directed,238,,,48
80,14,Directed,239,,,12
82,14,Directed,240,,,8
53,14,Directed,241,,,9
40,14,Directed,242,,,8
60,16,Directed,243,,,1
38,16,Directed,244,,,1
101,16,Directed,245,,,1
20,16,Directed,246,,,1
89,16,Directed,247,,,1
77,16,Directed,248,,,1
96,17,Directed,249,,,4
48,17,Directed,250,,,2
37,17,Directed,251,,,1
56,17,Directed,252,,,3
16,17,Directed,253,,,4
7,17,Directed,254,,,2
43,17,Directed,255,,,2
9,17,Directed,256,,,2
109,17,Directed,257,,,4
67,17,Directed,258,,,1
45,17,Directed,259,,,4
81,17,Directed,260,,,4
74,17,Directed,261,,,3
59,17,Directed,262,,,1
54,17,Directed,263,,,1
58,17,Directed,264,,,3
29,17,Directed,265,,,2
27,17,Directed,266,,,3
42,17,Directed,267,,,3
103,17,Directed,268,,,2
31,17,Directed,269,,,3
88,17,Directed,270,,,2
35,17,Directed,271,,,2
26,17,Directed,272,,,2
78,17,Directed,273,,,2
11,17,Directed,274,,,3
33,17,Directed,275,,,1
92,17,Directed,276,,,4
69,17,Directed,277,,,6
61,17,Directed,278,,,2
21,17,Directed,279,,,3
76,17,Directed,280,,,2
72,17,Directed,281,,,3
95,17,Directed,282,,,5
25,17,Directed,283,,,2
47,17,Directed,284,,,3
12,17,Directed,285,,,3
38,17,Directed,286,,,3
68,17,Directed,287,,,3
63,17,Directed,288,,,2
28,17,Directed,289,,,1
55,17,Directed,290,,,1
53,17,Directed,291,,,1
98,17,Directed,292,,,1
62,17,Directed,293,,,2
20,17,Directed,294,,,3
60,17,Directed,295,,,1
73,17,Directed,296,,,4
99,17,Directed,297,,,5
86,17,Directed,298,,,2
22,17,Directed,299,,,4
101,17,Directed,300,,,1
55,18,Directed,301,,,6
108,18,Directed,302,,,5
101,18,Directed,303,,,1
60,18,Directed,304,,,3
104,18,Directed,305,,,3
82,18,Directed,306,,,9
35,18,Directed,307,,,7
2,18,Directed,308,,,5
98,18,Directed,309,,,1
79,18,Directed,310,,,3
3,18,Directed,311,,,1
76,18,Directed,312,,,3
22,18,Directed,313,,,9
53,18,Directed,314,,,8
36,18,Directed,315,,,2
95,18,Directed,316,,,1
86,18,Directed,317,,,6
52,18,Directed,318,,,1
70,18,Directed,319,,,3
33,18,Directed,320,,,1
73,18,Directed,321,,,1
69,18,Directed,322,,,2
59,18,Directed,323,,,6
28,18,Directed,324,,,4
49,18,Directed,325,,,2
14,18,Directed,326,,,3
4,18,Directed,327,,,3
38,18,Directed,328,,,4
20,18,Directed,329,,,13
6,19,Directed,330,,,2
36,19,Directed,331,,,2
95,19,Directed,332,,,14
29,19,Directed,333,,,13
52,19,Directed,334,,,7
26,19,Directed,335,,,12
28,19,Directed,336,,,6
21,19,Directed,337,,,9
98,19,Directed,338,,,10
39,19,Directed,339,,,1
35,19,Directed,340,,,2
13,19,Directed,341,,,1
37,19,Directed,342,,,3
59,19,Directed,343,,,9
55,19,Directed,344,,,10
2,19,Directed,345,,,1
47,19,Directed,346,,,7
51,19,Directed,347,,,5
63,19,Directed,348,,,16
45,19,Directed,349,,,6
79,19,Directed,350,,,2
69,19,Directed,351,,,11
43,19,Directed,352,,,4
10,19,Directed,353,,,2
3,19,Directed,354,,,5
42,19,Directed,355,,,8
58,19,Directed,356,,,9
31,19,Directed,357,,,9
101,19,Directed,358,,,7
108,19,Directed,359,,,1
20,19,Directed,360,,,8
109,19,Directed,361,,,5
4,19,Directed,362,,,1
88,19,Directed,363,,,6
12,19,Directed,364,,,14
14,19,Directed,365,,,4
38,19,Directed,366,,,16
85,19,Directed,367,,,1
74,19,Directed,368,,,19
11,19,Directed,369,,,17
89,19,Directed,370,,,5
53,19,Directed,371,,,10
103,19,Directed,372,,,14
17,19,Directed,373,,,17
27,19,Directed,374,,,1
1,19,Directed,375,,,3
22,19,Directed,376,,,25
100,19,Directed,377,,,23
67,19,Directed,378,,,6
25,19,Directed,379,,,7
9,19,Directed,380,,,6
86,19,Directed,381,,,10
54,19,Directed,382,,,16
7,19,Directed,383,,,16
61,19,Directed,384,,,16
16,19,Directed,385,,,9
56,19,Directed,386,,,16
81,19,Directed,387,,,19
92,19,Directed,388,,,15
65,19,Directed,389,,,5
99,19,Directed,390,,,18
62,19,Directed,391,,,3
71,19,Directed,392,,,3
41,19,Directed,393,,,8
77,19,Directed,394,,,6
68,19,Directed,395,,,14
82,19,Directed,396,,,5
102,19,Directed,397,,,10
78,19,Directed,398,,,8
5,19,Directed,399,,,6
49,19,Directed,400,,,5
23,19,Directed,401,,,4
44,19,Directed,402,,,2
48,19,Directed,403,,,21
60,19,Directed,404,,,10
72,19,Directed,405,,,6
76,19,Directed,406,,,3
96,19,Directed,407,,,9
73,19,Directed,408,,,12
40,19,Directed,409,,,1
15,19,Directed,410,,,1
33,19,Directed,411,,,4
88,20,Directed,412,,,2
82,20,Directed,413,,,20
41,20,Directed,414,,,4
102,20,Directed,415,,,1
28,20,Directed,416,,,9
53,20,Directed,417,,,17
69,20,Directed,418,,,2
35,20,Directed,419,,,19
2,20,Directed,420,,,6
108,20,Directed,421,,,17
5,20,Directed,422,,,4
54,20,Directed,423,,,5
89,20,Directed,424,,,2
65,20,Directed,425,,,3
54,22,Directed,426,,,3
4,22,Directed,427,,,1
108,22,Directed,428,,,1
35,22,Directed,429,,,1
2,22,Directed,430,,,3
12,22,Directed,431,,,1
60,22,Directed,432,,,1
88,22,Directed,433,,,1
44,22,Directed,434,,,1
70,22,Directed,435,,,1
41,22,Directed,436,,,1
69,22,Directed,437,,,1
23,22,Directed,438,,,2
55,22,Directed,439,,,1
72,22,Directed,440,,,1
33,22,Directed,441,,,1
103,22,Directed,442,,,1
65,22,Directed,443,,,2
14,22,Directed,444,,,1
3,22,Directed,445,,,1
53,22,Directed,446,,,3
20,22,Directed,447,,,8
29,22,Directed,448,,,2
82,22,Directed,449,,,4
5,22,Directed,450,,,3
104,22,Directed,451,,,1
86,24,Directed,452,,,1
6,24,Directed,453,,,1
27,24,Directed,454,,,1
23,24,Directed,455,,,1
59,24,Directed,456,,,1
20,25,Directed,457,,,2
59,25,Directed,458,,,1
49,25,Directed,459,,,1
23,25,Directed,460,,,1
86,25,Directed,461,,,1
98,25,Directed,462,,,1
103,25,Directed,463,,,1
38,25,Directed,464,,,2
22,25,Directed,465,,,2
16,25,Directed,466,,,1
55,25,Directed,467,,,2
13,25,Directed,468,,,1
12,25,Directed,469,,,1
48,25,Directed,470,,,2
92,25,Directed,471,,,2
109,25,Directed,472,,,1
28,25,Directed,473,,,1
67,25,Directed,474,,,1
5,25,Directed,475,,,2
74,25,Directed,476,,,2
31,25,Directed,477,,,1
41,25,Directed,478,,,1
95,25,Directed,479,,,1
43,25,Directed,480,,,1
37,26,Directed,481,,,1
41,26,Directed,482,,,9
85,26,Directed,483,,,1
95,26,Directed,484,,,7
101,26,Directed,485,,,1
35,26,Directed,486,,,4
2,26,Directed,487,,,4
52,26,Directed,488,,,2
20,26,Directed,489,,,10
42,26,Directed,490,,,3
25,26,Directed,491,,,2
65,26,Directed,492,,,3
58,26,Directed,493,,,1
53,26,Directed,494,,,5
12,26,Directed,495,,,2
29,26,Directed,496,,,3
5,26,Directed,497,,,5
104,26,Directed,498,,,1
109,26,Directed,499,,,2
79,26,Directed,500,,,5
44,26,Directed,501,,,1
55,26,Directed,502,,,2
98,26,Directed,503,,,1
70,26,Directed,504,,,2
102,26,Directed,505,,,3
88,26,Directed,506,,,4
86,26,Directed,507,,,9
59,26,Directed,508,,,3
103,26,Directed,509,,,6
51,26,Directed,510,,,2
81,26,Directed,511,,,6
22,26,Directed,512,,,2
82,26,Directed,513,,,6
71,26,Directed,514,,,2
36,26,Directed,515,,,2
28,26,Directed,516,,,3
49,26,Directed,517,,,5
14,26,Directed,518,,,3
69,26,Directed,519,,,3
54,26,Directed,520,,,7
3,26,Directed,521,,,2
96,26,Directed,522,,,5
15,26,Directed,523,,,1
73,26,Directed,524,,,2
1,26,Directed,525,,,1
27,26,Directed,526,,,1
92,26,Directed,527,,,8
21,26,Directed,528,,,3
72,26,Directed,529,,,1
4,26,Directed,530,,,3
38,26,Directed,531,,,7
67,26,Directed,532,,,5
31,26,Directed,533,,,4
74,26,Directed,534,,,5
40,26,Directed,535,,,1
80,26,Directed,536,,,1
108,26,Directed,537,,,4
89,26,Directed,538,,,6
48,26,Directed,539,,,8
47,26,Directed,540,,,1
60,26,Directed,541,,,3
45,26,Directed,542,,,3
78,26,Directed,543,,,1
90,26,Directed,544,,,2
76,26,Directed,545,,,4
33,26,Directed,546,,,2
63,30,Directed,547,,,2
69,30,Directed,548,,,4
61,30,Directed,549,,,1
29,30,Directed,550,,,1
91,30,Directed,551,,,2
100,30,Directed,552,,,2
23,30,Directed,553,,,6
54,30,Directed,554,,,1
87,30,Directed,555,,,1
62,30,Directed,556,,,1
59,30,Directed,557,,,4
40,30,Directed,558,,,1
49,30,Directed,559,,,9
36,30,Directed,560,,,1
101,30,Directed,561,,,2
15,30,Directed,562,,,3
38,30,Directed,563,,,7
19,30,Directed,564,,,3
74,30,Directed,565,,,1
53,30,Directed,566,,,12
34,30,Directed,567,,,1
26,30,Directed,568,,,1
55,30,Directed,569,,,16
47,30,Directed,570,,,1
98,30,Directed,571,,,3
67,30,Directed,572,,,2
48,30,Directed,573,,,3
13,30,Directed,574,,,2
108,30,Directed,575,,,15
86,30,Directed,576,,,7
2,30,Directed,577,,,1
7,30,Directed,578,,,2
56,30,Directed,579,,,1
18,30,Directed,580,,,1
45,30,Directed,581,,,1
92,30,Directed,582,,,5
28,30,Directed,583,,,8
95,30,Directed,584,,,3
79,30,Directed,585,,,6
60,30,Directed,586,,,6
90,30,Directed,587,,,1
102,30,Directed,588,,,2
37,30,Directed,589,,,1
32,30,Directed,590,,,1
20,30,Directed,591,,,11
73,30,Directed,592,,,2
71,30,Directed,593,,,1
103,30,Directed,594,,,3
84,30,Directed,595,,,1
77,30,Directed,596,,,5
33,30,Directed,597,,,1
68,30,Directed,598,,,1
76,30,Directed,599,,,6
5,30,Directed,600,,,1
65,30,Directed,601,,,2
22,30,Directed,602,,,8
3,30,Directed,603,,,1
52,30,Directed,604,,,8
21,30,Directed,605,,,1
41,30,Directed,606,,,3
51,30,Directed,607,,,1
27,30,Directed,608,,,10
35,30,Directed,609,,,12
12,30,Directed,610,,,1
81,30,Directed,611,,,2
82,30,Directed,612,,,11
41,31,Directed,613,,,1
2,32,Directed,614,,,4
80,32,Directed,615,,,1
74,32,Directed,616,,,1
41,32,Directed,617,,,1
101,32,Directed,618,,,3
76,32,Directed,619,,,6
54,32,Directed,620,,,1
95,32,Directed,621,,,1
53,32,Directed,622,,,3
63,32,Directed,623,,,1
12,32,Directed,624,,,1
108,32,Directed,625,,,4
36,32,Directed,626,,,1
4,32,Directed,627,,,4
22,32,Directed,628,,,5
44,32,Directed,629,,,1
69,32,Directed,630,,,9
58,32,Directed,631,,,1
55,32,Directed,632,,,8
48,32,Directed,633,,,1
47,32,Directed,634,,,1
82,32,Directed,635,,,4
26,32,Directed,636,,,2
86,32,Directed,637,,,7
28,32,Directed,638,,,4
84,32,Directed,639,,,1
27,32,Directed,640,,,1
92,32,Directed,641,,,1
29,32,Directed,642,,,1
56,32,Directed,643,,,1
67,32,Directed,644,,,4
59,32,Directed,645,,,6
78,32,Directed,646,,,1
43,32,Directed,647,,,2
81,32,Directed,648,,,1
38,32,Directed,649,,,8
21,32,Directed,650,,,1
14,32,Directed,651,,,4
77,32,Directed,652,,,3
3,32,Directed,653,,,2
35,32,Directed,654,,,8
73,32,Directed,655,,,3
23,32,Directed,656,,,3
70,32,Directed,657,,,4
98,32,Directed,658,,,2
99,32,Directed,659,,,1
100,32,Directed,660,,,1
90,32,Directed,661,,,1
60,32,Directed,662,,,5
103,32,Directed,663,,,1
11,32,Directed,664,,,1
79,32,Directed,665,,,1
49,32,Directed,666,,,3
104,32,Directed,667,,,4
20,32,Directed,668,,,10
15,34,Directed,669,,,1
35,34,Directed,670,,,1
82,34,Directed,671,,,1
108,34,Directed,672,,,1
53,34,Directed,673,,,1
28,34,Directed,674,,,1
20,34,Directed,675,,,1
53,35,Directed,676,,,2
28,35,Directed,677,,,2
82,35,Directed,678,,,2
53,36,Directed,679,,,4
79,36,Directed,680,,,6
60,36,Directed,681,,,7
35,36,Directed,682,,,4
2,36,Directed,683,,,1
14,36,Directed,684,,,3
20,36,Directed,685,,,5
5,36,Directed,686,,,1
104,36,Directed,687,,,1
6,36,Directed,688,,,4
72,36,Directed,689,,,2
12,36,Directed,690,,,3
29,36,Directed,691,,,2
23,36,Directed,692,,,1
52,36,Directed,693,,,4
67,36,Directed,694,,,7
38,36,Directed,695,,,7
43,36,Directed,696,,,4
15,36,Directed,697,,,4
101,36,Directed,698,,,6
3,36,Directed,699,,,2
103,36,Directed,700,,,3
95,36,Directed,701,,,4
82,36,Directed,702,,,5
27,36,Directed,703,,,5
109,36,Directed,704,,,5
42,36,Directed,705,,,6
31,36,Directed,706,,,2
28,36,Directed,707,,,5
70,36,Directed,708,,,1
85,36,Directed,709,,,4
40,36,Directed,710,,,2
1,36,Directed,711,,,1
76,36,Directed,712,,,5
21,36,Directed,713,,,3
55,36,Directed,714,,,7
49,36,Directed,715,,,5
108,36,Directed,716,,,4
34,36,Directed,717,,,3
22,36,Directed,718,,,7
44,36,Directed,719,,,3
80,36,Directed,720,,,2
54,36,Directed,721,,,2
4,36,Directed,722,,,1
69,37,Directed,723,,,1
3,37,Directed,724,,,1
70,37,Directed,725,,,1
20,37,Directed,726,,,2
73,37,Directed,727,,,1
33,37,Directed,728,,,2
101,38,Directed,729,,,3
52,38,Directed,730,,,2
102,38,Directed,731,,,3
2,38,Directed,732,,,5
41,38,Directed,733,,,2
40,38,Directed,734,,,3
69,38,Directed,735,,,2
14,38,Directed,736,,,5
54,38,Directed,737,,,5
12,38,Directed,738,,,3
3,38,Directed,739,,,3
28,38,Directed,740,,,8
89,38,Directed,741,,,5
35,38,Directed,742,,,7
88,38,Directed,743,,,1
15,38,Directed,744,,,4
1,38,Directed,745,,,1
60,38,Directed,746,,,5
108,38,Directed,747,,,5
109,38,Directed,748,,,2
82,38,Directed,749,,,9
70,38,Directed,750,,,3
21,38,Directed,751,,,2
44,38,Directed,752,,,5
55,38,Directed,753,,,4
49,38,Directed,754,,,6
31,38,Directed,755,,,3
33,38,Directed,756,,,1
67,38,Directed,757,,,6
72,38,Directed,758,,,1
34,38,Directed,759,,,2
22,38,Directed,760,,,9
53,38,Directed,761,,,6
104,38,Directed,762,,,7
95,38,Directed,763,,,2
43,38,Directed,764,,,2
65,38,Directed,765,,,2
27,38,Directed,766,,,3
5,38,Directed,767,,,3
4,38,Directed,768,,,6
29,38,Directed,769,,,1
20,38,Directed,770,,,15
103,38,Directed,771,,,1
45,38,Directed,772,,,2
21,39,Directed,773,,,1
71,39,Directed,774,,,3
103,39,Directed,775,,,1
35,39,Directed,776,,,2
26,39,Directed,777,,,1
92,39,Directed,778,,,2
20,39,Directed,779,,,2
49,39,Directed,780,,,3
22,39,Directed,781,,,2
48,39,Directed,782,,,2
51,39,Directed,783,,,1
62,39,Directed,784,,,2
96,39,Directed,785,,,1
79,39,Directed,786,,,1
4,39,Directed,787,,,1
78,39,Directed,788,,,1
42,39,Directed,789,,,1
55,39,Directed,790,,,1
74,39,Directed,791,,,1
6,39,Directed,792,,,1
58,39,Directed,793,,,1
76,39,Directed,794,,,2
89,39,Directed,795,,,1
69,39,Directed,796,,,2
81,39,Directed,797,,,1
109,39,Directed,798,,,1
108,39,Directed,799,,,1
52,39,Directed,800,,,1
38,39,Directed,801,,,2
31,39,Directed,802,,,1
86,39,Directed,803,,,1
46,39,Directed,804,,,1
36,39,Directed,805,,,1
61,39,Directed,806,,,1
101,39,Directed,807,,,1
59,39,Directed,808,,,2
34,40,Directed,809,,,4
15,40,Directed,810,,,3
35,40,Directed,811,,,1
28,40,Directed,812,,,1
53,40,Directed,813,,,1
82,40,Directed,814,,,1
108,40,Directed,815,,,1
20,40,Directed,816,,,3
54,41,Directed,817,,,2
5,41,Directed,818,,,1
2,42,Directed,819,,,1
1,42,Directed,820,,,1
14,42,Directed,821,,,1
34,42,Directed,822,,,1
44,42,Directed,823,,,1
80,42,Directed,824,,,1
12,42,Directed,825,,,1
104,42,Directed,826,,,1
82,42,Directed,827,,,1
70,42,Directed,828,,,1
20,42,Directed,829,,,1
103,42,Directed,830,,,1
4,42,Directed,831,,,1
2,43,Directed,832,,,1
35,43,Directed,833,,,2
41,43,Directed,834,,,1
44,43,Directed,835,,,1
15,43,Directed,836,,,1
80,43,Directed,837,,,1
104,43,Directed,838,,,1
70,43,Directed,839,,,1
108,43,Directed,840,,,1
54,43,Directed,841,,,1
20,43,Directed,842,,,2
3,43,Directed,843,,,1
90,43,Directed,844,,,1
52,43,Directed,845,,,1
40,43,Directed,846,,,1
42,43,Directed,847,,,1
1,43,Directed,848,,,1
101,43,Directed,849,,,1
89,43,Directed,850,,,1
28,43,Directed,851,,,1
103,43,Directed,852,,,2
82,43,Directed,853,,,1
102,43,Directed,854,,,1
88,43,Directed,855,,,1
31,43,Directed,856,,,1
53,43,Directed,857,,,1
34,43,Directed,858,,,1
45,43,Directed,859,,,1
14,43,Directed,860,,,1
20,44,Directed,861,,,1
15,44,Directed,862,,,1
34,44,Directed,863,,,1
104,44,Directed,864,,,1
2,44,Directed,865,,,1
82,44,Directed,866,,,1
4,44,Directed,867,,,1
70,44,Directed,868,,,1
53,44,Directed,869,,,1
40,44,Directed,870,,,1
5,45,Directed,871,,,2
88,45,Directed,872,,,3
41,45,Directed,873,,,2
31,45,Directed,874,,,2
102,45,Directed,875,,,2
23,45,Directed,876,,,1
54,45,Directed,877,,,1
65,45,Directed,878,,,2
76,46,Directed,879,,,1
82,46,Directed,880,,,1
73,46,Directed,881,,,1
22,46,Directed,882,,,1
108,46,Directed,883,,,1
53,46,Directed,884,,,1
69,46,Directed,885,,,1
20,46,Directed,886,,,1
37,47,Directed,887,,,1
76,48,Directed,888,,,1
89,48,Directed,889,,,2
72,48,Directed,890,,,2
88,48,Directed,891,,,1
46,48,Directed,892,,,1
82,48,Directed,893,,,1
16,48,Directed,894,,,1
102,48,Directed,895,,,1
22,48,Directed,896,,,2
38,48,Directed,897,,,4
58,48,Directed,898,,,1
59,48,Directed,899,,,1
54,48,Directed,900,,,2
101,48,Directed,901,,,3
28,48,Directed,902,,,1
2,48,Directed,903,,,1
95,48,Directed,904,,,2
49,48,Directed,905,,,1
73,48,Directed,906,,,1
109,48,Directed,907,,,2
1,48,Directed,908,,,1
20,48,Directed,909,,,1
37,48,Directed,910,,,1
53,48,Directed,911,,,1
41,48,Directed,912,,,2
65,48,Directed,913,,,1
101,49,Directed,914,,,3
60,49,Directed,915,,,3
41,49,Directed,916,,,1
53,49,Directed,917,,,29
22,49,Directed,918,,,1
52,49,Directed,919,,,1
4,49,Directed,920,,,3
14,49,Directed,921,,,1
12,49,Directed,922,,,1
109,49,Directed,923,,,2
2,49,Directed,924,,,3
88,49,Directed,925,,,2
108,49,Directed,926,,,24
33,49,Directed,927,,,1
28,49,Directed,928,,,12
15,49,Directed,929,,,3
45,49,Directed,930,,,1
29,49,Directed,931,,,1
5,49,Directed,932,,,2
55,49,Directed,933,,,4
31,49,Directed,934,,,1
35,49,Directed,935,,,18
65,49,Directed,936,,,1
70,49,Directed,937,,,3
104,49,Directed,938,,,3
44,49,Directed,939,,,2
69,49,Directed,940,,,3
82,49,Directed,941,,,28
34,49,Directed,942,,,3
3,49,Directed,943,,,1
54,49,Directed,944,,,4
40,49,Directed,945,,,3
23,49,Directed,946,,,3
20,49,Directed,947,,,10
80,50,Directed,948,,,1
20,50,Directed,949,,,2
92,50,Directed,950,,,1
14,50,Directed,951,,,2
86,50,Directed,952,,,2
1,50,Directed,953,,,1
69,50,Directed,954,,,1
34,50,Directed,955,,,1
73,50,Directed,956,,,1
55,50,Directed,957,,,1
59,50,Directed,958,,,2
33,50,Directed,959,,,1
4,50,Directed,960,,,2
104,50,Directed,961,,,2
2,50,Directed,962,,,2
35,50,Directed,963,,,1
108,51,Directed,964,,,2
59,51,Directed,965,,,1
101,51,Directed,966,,,4
12,51,Directed,967,,,2
48,51,Directed,968,,,2
21,51,Directed,969,,,1
16,51,Directed,970,,,2
71,51,Directed,971,,,1
52,51,Directed,972,,,1
109,51,Directed,973,,,1
79,51,Directed,974,,,1
96,51,Directed,975,,,1
23,51,Directed,976,,,1
92,51,Directed,977,,,1
67,51,Directed,978,,,1
69,51,Directed,979,,,1
58,51,Directed,980,,,1
38,51,Directed,981,,,4
43,51,Directed,982,,,1
5,51,Directed,983,,,1
73,51,Directed,984,,,2
103,51,Directed,985,,,1
97,51,Directed,986,,,1
36,51,Directed,987,,,1
22,51,Directed,988,,,2
90,51,Directed,989,,,1
42,51,Directed,990,,,1
60,51,Directed,991,,,1
54,51,Directed,992,,,1
102,51,Directed,993,,,1
74,51,Directed,994,,,2
88,51,Directed,995,,,1
81,51,Directed,996,,,1
55,51,Directed,997,,,1
41,51,Directed,998,,,2
76,51,Directed,999,,,1
33,51,Directed,1000,,,1
95,51,Directed,1001,,,2
86,51,Directed,1002,,,1
54,52,Directed,1003,,,1
73,52,Directed,1004,,,1
5,52,Directed,1005,,,1
73,54,Directed,1006,,,1
53,54,Directed,1007,,,1
69,54,Directed,1008,,,1
35,54,Directed,1009,,,1
5,55,Directed,1010,,,2
60,55,Directed,1011,,,4
41,55,Directed,1012,,,5
102,55,Directed,1013,,,4
82,55,Directed,1014,,,2
69,55,Directed,1015,,,2
88,55,Directed,1016,,,2
28,55,Directed,1017,,,1
65,55,Directed,1018,,,4
73,55,Directed,1019,,,2
35,55,Directed,1020,,,4
20,55,Directed,1021,,,3
72,55,Directed,1022,,,1
53,55,Directed,1023,,,3
108,55,Directed,1024,,,3
89,55,Directed,1025,,,5
54,55,Directed,1026,,,2
45,55,Directed,1027,,,1
31,55,Directed,1028,,,2
90,55,Directed,1029,,,2
88,56,Directed,1030,,,1
46,56,Directed,1031,,,2
37,56,Directed,1032,,,5
42,56,Directed,1033,,,2
31,56,Directed,1034,,,2
70,56,Directed,1035,,,2
80,56,Directed,1036,,,1
12,56,Directed,1037,,,4
47,56,Directed,1038,,,5
4,56,Directed,1039,,,1
76,56,Directed,1040,,,2
7,56,Directed,1041,,,3
99,56,Directed,1042,,,9
86,56,Directed,1043,,,3
60,56,Directed,1044,,,3
74,56,Directed,1045,,,9
45,56,Directed,1046,,,4
79,56,Directed,1047,,,1
14,56,Directed,1048,,,1
5,56,Directed,1049,,,1
44,56,Directed,1050,,,3
58,56,Directed,1051,,,6
16,56,Directed,1052,,,10
28,56,Directed,1053,,,1
82,56,Directed,1054,,,6
6,56,Directed,1055,,,1
9,56,Directed,1056,,,2
49,56,Directed,1057,,,3
98,56,Directed,1058,,,4
68,56,Directed,1059,,,9
95,56,Directed,1060,,,4
22,56,Directed,1061,,,2
101,56,Directed,1062,,,2
48,56,Directed,1063,,,12
29,56,Directed,1064,,,6
61,56,Directed,1065,,,3
96,56,Directed,1066,,,2
78,56,Directed,1067,,,4
25,56,Directed,1068,,,5
40,56,Directed,1069,,,3
52,56,Directed,1070,,,5
103,56,Directed,1071,,,5
73,56,Directed,1072,,,2
21,56,Directed,1073,,,4
35,56,Directed,1074,,,2
11,56,Directed,1075,,,8
43,56,Directed,1076,,,2
41,56,Directed,1077,,,4
53,56,Directed,1078,,,4
108,56,Directed,1079,,,2
55,56,Directed,1080,,,2
38,56,Directed,1081,,,8
3,56,Directed,1082,,,1
89,56,Directed,1083,,,1
102,56,Directed,1084,,,2
69,56,Directed,1085,,,3
27,56,Directed,1086,,,3
1,56,Directed,1087,,,1
81,56,Directed,1088,,,5
51,56,Directed,1089,,,1
54,56,Directed,1090,,,2
104,56,Directed,1091,,,1
109,56,Directed,1092,,,3
15,56,Directed,1093,,,2
23,56,Directed,1094,,,1
20,56,Directed,1095,,,7
62,56,Directed,1096,,,3
92,56,Directed,1097,,,5
77,56,Directed,1098,,,3
59,56,Directed,1099,,,5
26,56,Directed,1100,,,1
71,56,Directed,1101,,,3
63,56,Directed,1102,,,5
14,57,Directed,1103,,,13
98,57,Directed,1104,,,9
88,57,Directed,1105,,,4
48,57,Directed,1106,,,4
101,57,Directed,1107,,,13
52,57,Directed,1108,,,15
24,57,Directed,1109,,,1
21,57,Directed,1110,,,1
47,57,Directed,1111,,,6
29,57,Directed,1112,,,1
32,57,Directed,1113,,,17
34,57,Directed,1114,,,5
45,57,Directed,1115,,,1
31,57,Directed,1116,,,2
12,57,Directed,1117,,,5
86,57,Directed,1118,,,27
80,57,Directed,1119,,,1
77,57,Directed,1120,,,25
13,57,Directed,1121,,,23
107,57,Directed,1122,,,5
46,57,Directed,1123,,,6
30,57,Directed,1124,,,16
5,57,Directed,1125,,,31
4,57,Directed,1126,,,12
49,57,Directed,1127,,,36
72,57,Directed,1128,,,1
74,57,Directed,1129,,,3
97,57,Directed,1130,,,4
44,57,Directed,1131,,,5
37,57,Directed,1132,,,4
2,57,Directed,1133,,,17
56,57,Directed,1134,,,3
70,57,Directed,1135,,,6
20,57,Directed,1136,,,91
99,57,Directed,1137,,,3
8,57,Directed,1138,,,2
66,57,Directed,1139,,,4
95,57,Directed,1140,,,27
36,57,Directed,1141,,,8
6,57,Directed,1142,,,5
81,57,Directed,1143,,,1
104,57,Directed,1144,,,12
42,57,Directed,1145,,,1
55,57,Directed,1146,,,27
22,57,Directed,1147,,,72
108,57,Directed,1148,,,44
82,57,Directed,1149,,,52
69,57,Directed,1150,,,32
79,57,Directed,1151,,,23
19,57,Directed,1152,,,2
73,57,Directed,1153,,,14
27,57,Directed,1154,,,14
92,57,Directed,1155,,,15
59,57,Directed,1156,,,20
18,57,Directed,1157,,,19
53,57,Directed,1158,,,59
60,57,Directed,1159,,,53
85,57,Directed,1160,,,1
41,57,Directed,1161,,,21
39,57,Directed,1162,,,2
38,57,Directed,1163,,,35
93,57,Directed,1164,,,25
50,57,Directed,1165,,,3
54,57,Directed,1166,,,14
94,57,Directed,1167,,,2
3,57,Directed,1168,,,13
84,57,Directed,1169,,,5
102,57,Directed,1170,,,5
23,57,Directed,1171,,,30
67,57,Directed,1172,,,19
26,57,Directed,1173,,,1
89,57,Directed,1174,,,5
35,57,Directed,1175,,,49
1,57,Directed,1176,,,1
58,57,Directed,1177,,,13
15,57,Directed,1178,,,3
91,57,Directed,1179,,,4
63,57,Directed,1180,,,1
62,57,Directed,1181,,,6
65,57,Directed,1182,,,14
43,57,Directed,1183,,,5
40,57,Directed,1184,,,4
33,57,Directed,1185,,,7
51,57,Directed,1186,,,1
9,57,Directed,1187,,,1
87,57,Directed,1188,,,5
100,57,Directed,1189,,,1
76,57,Directed,1190,,,27
28,57,Directed,1191,,,24
49,58,Directed,1192,,,1
102,58,Directed,1193,,,3
103,58,Directed,1194,,,1
79,58,Directed,1195,,,1
41,58,Directed,1196,,,1
54,58,Directed,1197,,,1
86,58,Directed,1198,,,2
101,58,Directed,1199,,,2
67,58,Directed,1200,,,2
99,58,Directed,1201,,,1
31,58,Directed,1202,,,1
59,58,Directed,1203,,,2
5,58,Directed,1204,,,2
92,58,Directed,1205,,,3
21,58,Directed,1206,,,2
73,58,Directed,1207,,,1
95,58,Directed,1208,,,5
23,58,Directed,1209,,,4
60,58,Directed,1210,,,2
29,58,Directed,1211,,,2
43,58,Directed,1212,,,1
42,58,Directed,1213,,,1
77,58,Directed,1214,,,4
22,58,Directed,1215,,,2
97,58,Directed,1216,,,1
38,58,Directed,1217,,,1
16,58,Directed,1218,,,1
20,58,Directed,1219,,,1
69,58,Directed,1220,,,4
40,58,Directed,1221,,,1
35,59,Directed,1222,,,4
101,59,Directed,1223,,,7
37,59,Directed,1224,,,1
2,59,Directed,1225,,,2
86,59,Directed,1226,,,28
4,59,Directed,1227,,,1
12,59,Directed,1228,,,1
52,59,Directed,1229,,,3
69,59,Directed,1230,,,3
79,59,Directed,1231,,,4
72,59,Directed,1232,,,1
103,59,Directed,1233,,,2
67,59,Directed,1234,,,2
76,59,Directed,1235,,,5
5,59,Directed,1236,,,2
49,59,Directed,1237,,,4
36,59,Directed,1238,,,5
20,59,Directed,1239,,,10
28,59,Directed,1240,,,1
42,59,Directed,1241,,,2
41,59,Directed,1242,,,5
38,59,Directed,1243,,,4
6,59,Directed,1244,,,1
15,59,Directed,1245,,,1
60,59,Directed,1246,,,2
3,59,Directed,1247,,,1
14,59,Directed,1248,,,3
104,59,Directed,1249,,,2
73,59,Directed,1250,,,1
55,59,Directed,1251,,,3
108,59,Directed,1252,,,7
43,59,Directed,1253,,,1
109,59,Directed,1254,,,2
53,59,Directed,1255,,,5
31,59,Directed,1256,,,1
27,59,Directed,1257,,,3
46,59,Directed,1258,,,3
23,59,Directed,1259,,,1
95,59,Directed,1260,,,4
54,59,Directed,1261,,,4
70,59,Directed,1262,,,1
29,59,Directed,1263,,,1
85,59,Directed,1264,,,1
22,59,Directed,1265,,,4
82,59,Directed,1266,,,4
103,60,Directed,1267,,,1
20,60,Directed,1268,,,5
65,60,Directed,1269,,,1
34,60,Directed,1270,,,1
82,60,Directed,1271,,,5
28,60,Directed,1272,,,3
35,60,Directed,1273,,,2
108,60,Directed,1274,,,4
88,60,Directed,1275,,,1
89,60,Directed,1276,,,1
29,60,Directed,1277,,,1
41,60,Directed,1278,,,1
53,60,Directed,1279,,,5
54,60,Directed,1280,,,1
4,60,Directed,1281,,,1
43,61,Directed,1282,,,2
76,61,Directed,1283,,,1
86,61,Directed,1284,,,2
29,61,Directed,1285,,,1
9,61,Directed,1286,,,1
71,61,Directed,1287,,,2
42,61,Directed,1288,,,3
81,61,Directed,1289,,,4
78,61,Directed,1290,,,1
59,61,Directed,1291,,,2
11,61,Directed,1292,,,2
12,61,Directed,1293,,,3
63,61,Directed,1294,,,1
75,61,Directed,1295,,,1
95,61,Directed,1296,,,1
108,61,Directed,1297,,,1
54,61,Directed,1298,,,2
26,61,Directed,1299,,,1
88,61,Directed,1300,,,2
55,61,Directed,1301,,,1
99,61,Directed,1302,,,1
31,61,Directed,1303,,,4
74,61,Directed,1304,,,2
89,61,Directed,1305,,,1
25,61,Directed,1306,,,1
65,61,Directed,1307,,,2
47,61,Directed,1308,,,1
6,61,Directed,1309,,,1
35,61,Directed,1310,,,1
109,61,Directed,1311,,,1
48,61,Directed,1312,,,1
101,61,Directed,1313,,,3
60,61,Directed,1314,,,2
82,61,Directed,1315,,,1
38,61,Directed,1316,,,2
44,61,Directed,1317,,,1
53,61,Directed,1318,,,2
45,61,Directed,1319,,,2
98,61,Directed,1320,,,1
72,61,Directed,1321,,,3
96,61,Directed,1322,,,4
67,61,Directed,1323,,,1
58,61,Directed,1324,,,1
103,61,Directed,1325,,,2
73,61,Directed,1326,,,3
22,61,Directed,1327,,,5
52,61,Directed,1328,,,1
20,61,Directed,1329,,,1
41,61,Directed,1330,,,1
68,61,Directed,1331,,,1
99,62,Directed,1332,,,2
22,62,Directed,1333,,,1
65,62,Directed,1334,,,1
92,62,Directed,1335,,,1
58,62,Directed,1336,,,3
49,62,Directed,1337,,,1
95,62,Directed,1338,,,1
3,62,Directed,1339,,,1
54,62,Directed,1340,,,1
5,62,Directed,1341,,,1
97,62,Directed,1342,,,1
55,62,Directed,1343,,,1
67,62,Directed,1344,,,1
16,62,Directed,1345,,,1
77,63,Directed,1346,,,1
98,63,Directed,1347,,,1
60,63,Directed,1348,,,2
5,63,Directed,1349,,,2
16,63,Directed,1350,,,2
74,63,Directed,1351,,,4
45,63,Directed,1352,,,1
35,63,Directed,1353,,,2
59,63,Directed,1354,,,2
21,63,Directed,1355,,,4
103,63,Directed,1356,,,3
4,63,Directed,1357,,,2
79,63,Directed,1358,,,3
104,63,Directed,1359,,,1
14,63,Directed,1360,,,1
3,63,Directed,1361,,,1
2,63,Directed,1362,,,2
69,63,Directed,1363,,,4
109,63,Directed,1364,,,2
44,63,Directed,1365,,,2
101,63,Directed,1366,,,2
73,63,Directed,1367,,,2
68,63,Directed,1368,,,2
47,63,Directed,1369,,,1
41,63,Directed,1370,,,5
12,63,Directed,1371,,,4
96,63,Directed,1372,,,9
6,63,Directed,1373,,,1
49,63,Directed,1374,,,2
31,63,Directed,1375,,,4
92,63,Directed,1376,,,5
1,63,Directed,1377,,,2
26,63,Directed,1378,,,3
72,63,Directed,1379,,,2
48,63,Directed,1380,,,6
76,63,Directed,1381,,,3
89,63,Directed,1382,,,2
81,63,Directed,1383,,,5
22,63,Directed,1384,,,6
25,63,Directed,1385,,,2
40,63,Directed,1386,,,1
20,63,Directed,1387,,,4
71,63,Directed,1388,,,1
54,63,Directed,1389,,,5
108,63,Directed,1390,,,4
102,63,Directed,1391,,,1
62,63,Directed,1392,,,1
95,63,Directed,1393,,,1
53,63,Directed,1394,,,4
55,63,Directed,1395,,,1
88,63,Directed,1396,,,4
86,63,Directed,1397,,,4
28,63,Directed,1398,,,2
82,63,Directed,1399,,,5
15,63,Directed,1400,,,1
33,63,Directed,1401,,,1
38,63,Directed,1402,,,4
99,63,Directed,1403,,,2
29,63,Directed,1404,,,3
42,63,Directed,1405,,,5
70,63,Directed,1406,,,1
37,63,Directed,1407,,,2
35,65,Directed,1408,,,1
41,65,Directed,1409,,,1
108,65,Directed,1410,,,1
53,65,Directed,1411,,,1
82,65,Directed,1412,,,1
28,65,Directed,1413,,,1
86,66,Directed,1414,,,2
14,66,Directed,1415,,,1
67,66,Directed,1416,,,1
32,66,Directed,1417,,,1
77,66,Directed,1418,,,1
87,66,Directed,1419,,,1
27,66,Directed,1420,,,1
60,66,Directed,1421,,,1
52,66,Directed,1422,,,1
104,66,Directed,1423,,,1
20,66,Directed,1424,,,1
92,66,Directed,1425,,,1
59,66,Directed,1426,,,1
2,66,Directed,1427,,,1
4,66,Directed,1428,,,1
3,66,Directed,1429,,,1
45,66,Directed,1430,,,1
65,66,Directed,1431,,,1
70,66,Directed,1432,,,1
18,66,Directed,1433,,,1
53,67,Directed,1434,,,5
31,67,Directed,1435,,,1
69,67,Directed,1436,,,1
108,67,Directed,1437,,,4
102,67,Directed,1438,,,1
6,67,Directed,1439,,,1
29,67,Directed,1440,,,1
82,67,Directed,1441,,,6
12,67,Directed,1442,,,1
4,67,Directed,1443,,,1
22,67,Directed,1444,,,3
54,67,Directed,1445,,,2
52,67,Directed,1446,,,3
88,67,Directed,1447,,,1
28,67,Directed,1448,,,3
21,67,Directed,1449,,,1
70,67,Directed,1450,,,2
45,67,Directed,1451,,,1
49,67,Directed,1452,,,2
35,67,Directed,1453,,,4
40,67,Directed,1454,,,1
101,67,Directed,1455,,,1
15,67,Directed,1456,,,1
104,67,Directed,1457,,,2
65,67,Directed,1458,,,1
20,67,Directed,1459,,,3
73,67,Directed,1460,,,1
44,67,Directed,1461,,,2
34,67,Directed,1462,,,1
23,67,Directed,1463,,,3
55,67,Directed,1464,,,3
95,67,Directed,1465,,,1
60,67,Directed,1466,,,1
2,67,Directed,1467,,,1
109,67,Directed,1468,,,1
15,68,Directed,1469,,,1
69,68,Directed,1470,,,2
95,68,Directed,1471,,,3
22,68,Directed,1472,,,2
62,68,Directed,1473,,,1
52,68,Directed,1474,,,2
99,68,Directed,1475,,,3
55,68,Directed,1476,,,1
28,68,Directed,1477,,,2
37,68,Directed,1478,,,1
81,68,Directed,1479,,,1
4,68,Directed,1480,,,1
31,68,Directed,1481,,,2
86,68,Directed,1482,,,1
33,68,Directed,1483,,,2
42,68,Directed,1484,,,1
82,68,Directed,1485,,,3
34,68,Directed,1486,,,1
53,68,Directed,1487,,,2
26,68,Directed,1488,,,1
77,68,Directed,1489,,,1
29,68,Directed,1490,,,2
2,68,Directed,1491,,,1
60,68,Directed,1492,,,1
85,68,Directed,1493,,,1
78,68,Directed,1494,,,1
101,68,Directed,1495,,,2
12,68,Directed,1496,,,3
67,68,Directed,1497,,,3
109,68,Directed,1498,,,1
47,68,Directed,1499,,,1
74,68,Directed,1500,,,1
104,68,Directed,1501,,,1
3,68,Directed,1502,,,1
73,68,Directed,1503,,,2
49,68,Directed,1504,,,2
96,68,Directed,1505,,,1
41,68,Directed,1506,,,2
38,68,Directed,1507,,,4
48,68,Directed,1508,,,3
70,68,Directed,1509,,,1
20,68,Directed,1510,,,3
10,68,Directed,1511,,,1
65,68,Directed,1512,,,2
54,68,Directed,1513,,,2
16,68,Directed,1514,,,2
43,68,Directed,1515,,,1
40,68,Directed,1516,,,1
44,68,Directed,1517,,,1
21,68,Directed,1518,,,1
33,69,Directed,1519,,,2
73,69,Directed,1520,,,2
78,69,Directed,1521,,,1
82,71,Directed,1522,,,1
52,71,Directed,1523,,,1
49,71,Directed,1524,,,2
65,71,Directed,1525,,,1
4,71,Directed,1526,,,1
16,71,Directed,1527,,,1
74,71,Directed,1528,,,1
103,71,Directed,1529,,,1
5,71,Directed,1530,,,2
23,71,Directed,1531,,,1
60,71,Directed,1532,,,1
22,71,Directed,1533,,,2
53,71,Directed,1534,,,3
54,71,Directed,1535,,,1
96,71,Directed,1536,,,3
41,71,Directed,1537,,,2
69,71,Directed,1538,,,1
45,71,Directed,1539,,,1
2,71,Directed,1540,,,2
48,71,Directed,1541,,,1
20,71,Directed,1542,,,2
88,72,Directed,1543,,,3
53,72,Directed,1544,,,3
20,72,Directed,1545,,,3
60,72,Directed,1546,,,2
54,72,Directed,1547,,,3
82,72,Directed,1548,,,3
42,72,Directed,1549,,,1
41,72,Directed,1550,,,3
31,72,Directed,1551,,,2
89,72,Directed,1552,,,2
65,72,Directed,1553,,,3
102,74,Directed,1554,,,1
16,74,Directed,1555,,,1
82,74,Directed,1556,,,1
73,74,Directed,1557,,,1
35,74,Directed,1558,,,1
49,74,Directed,1559,,,2
79,74,Directed,1560,,,1
22,74,Directed,1561,,,2
98,74,Directed,1562,,,1
53,74,Directed,1563,,,1
54,74,Directed,1564,,,2
95,74,Directed,1565,,,2
48,74,Directed,1566,,,1
85,74,Directed,1567,,,1
69,74,Directed,1568,,,1
108,74,Directed,1569,,,2
55,74,Directed,1570,,,1
99,74,Directed,1571,,,2
28,74,Directed,1572,,,1
22,75,Directed,1573,,,1
82,75,Directed,1574,,,2
48,75,Directed,1575,,,2
74,75,Directed,1576,,,1
81,75,Directed,1577,,,1
29,75,Directed,1578,,,1
25,75,Directed,1579,,,1
4,75,Directed,1580,,,1
38,75,Directed,1581,,,2
53,75,Directed,1582,,,1
5,75,Directed,1583,,,1
103,75,Directed,1584,,,1
16,75,Directed,1585,,,1
96,75,Directed,1586,,,1
27,76,Directed,1587,,,5
108,76,Directed,1588,,,13
95,76,Directed,1589,,,3
12,76,Directed,1590,,,2
54,76,Directed,1591,,,1
73,76,Directed,1592,,,1
70,76,Directed,1593,,,2
28,76,Directed,1594,,,8
6,76,Directed,1595,,,1
67,76,Directed,1596,,,4
102,76,Directed,1597,,,2
33,76,Directed,1598,,,1
60,76,Directed,1599,,,11
4,76,Directed,1600,,,6
31,76,Directed,1601,,,1
38,76,Directed,1602,,,7
42,76,Directed,1603,,,2
82,76,Directed,1604,,,15
52,76,Directed,1605,,,9
79,76,Directed,1606,,,9
23,76,Directed,1607,,,1
45,76,Directed,1608,,,1
49,76,Directed,1609,,,11
88,76,Directed,1610,,,2
2,76,Directed,1611,,,5
43,76,Directed,1612,,,1
89,76,Directed,1613,,,1
104,76,Directed,1614,,,5
109,76,Directed,1615,,,2
20,76,Directed,1616,,,19
90,76,Directed,1617,,,1
15,76,Directed,1618,,,1
5,76,Directed,1619,,,4
65,76,Directed,1620,,,2
35,76,Directed,1621,,,13
34,76,Directed,1622,,,2
41,76,Directed,1623,,,3
3,76,Directed,1624,,,5
14,76,Directed,1625,,,5
53,76,Directed,1626,,,11
22,76,Directed,1627,,,8
78,76,Directed,1628,,,1
103,76,Directed,1629,,,5
55,76,Directed,1630,,,10
40,76,Directed,1631,,,1
21,76,Directed,1632,,,1
69,76,Directed,1633,,,3
54,77,Directed,1634,,,1
60,77,Directed,1635,,,2
15,77,Directed,1636,,,1
5,77,Directed,1637,,,2
33,77,Directed,1638,,,1
73,77,Directed,1639,,,1
37,77,Directed,1640,,,1
35,77,Directed,1641,,,4
82,77,Directed,1642,,,3
22,77,Directed,1643,,,1
95,77,Directed,1644,,,2
86,77,Directed,1645,,,2
49,77,Directed,1646,,,4
52,77,Directed,1647,,,1
59,77,Directed,1648,,,2
108,77,Directed,1649,,,4
28,77,Directed,1650,,,2
91,77,Directed,1651,,,1
98,77,Directed,1652,,,1
23,77,Directed,1653,,,1
20,77,Directed,1654,,,4
50,77,Directed,1655,,,1
76,77,Directed,1656,,,2
69,77,Directed,1657,,,5
36,77,Directed,1658,,,1
53,77,Directed,1659,,,3
92,77,Directed,1660,,,2
47,77,Directed,1661,,,2
40,77,Directed,1662,,,1
73,78,Directed,1663,,,3
33,78,Directed,1664,,,3
34,79,Directed,1665,,,1
82,79,Directed,1666,,,2
3,79,Directed,1667,,,1
52,79,Directed,1668,,,3
90,79,Directed,1669,,,1
35,79,Directed,1670,,,4
20,79,Directed,1671,,,7
15,79,Directed,1672,,,2
53,79,Directed,1673,,,3
28,79,Directed,1674,,,3
21,79,Directed,1675,,,1
72,79,Directed,1676,,,2
104,79,Directed,1677,,,1
103,79,Directed,1678,,,2
27,79,Directed,1679,,,3
101,79,Directed,1680,,,1
88,79,Directed,1681,,,3
89,79,Directed,1682,,,3
73,79,Directed,1683,,,1
102,79,Directed,1684,,,3
45,79,Directed,1685,,,3
65,79,Directed,1686,,,4
67,79,Directed,1687,,,4
31,79,Directed,1688,,,2
22,79,Directed,1689,,,5
14,79,Directed,1690,,,1
54,79,Directed,1691,,,2
108,79,Directed,1692,,,4
23,79,Directed,1693,,,1
12,79,Directed,1694,,,2
60,79,Directed,1695,,,5
41,79,Directed,1696,,,6
5,79,Directed,1697,,,5
1,79,Directed,1698,,,1
109,79,Directed,1699,,,3
55,79,Directed,1700,,,5
38,79,Directed,1701,,,5
2,79,Directed,1702,,,2
95,79,Directed,1703,,,2
49,79,Directed,1704,,,3
43,79,Directed,1705,,,1
29,81,Directed,1706,,,3
102,81,Directed,1707,,,2
88,81,Directed,1708,,,1
45,81,Directed,1709,,,1
60,81,Directed,1710,,,1
54,81,Directed,1711,,,1
20,81,Directed,1712,,,1
42,81,Directed,1713,,,5
16,81,Directed,1714,,,1
14,81,Directed,1715,,,2
12,81,Directed,1716,,,5
31,81,Directed,1717,,,1
22,81,Directed,1718,,,3
5,81,Directed,1719,,,1
79,81,Directed,1720,,,1
21,81,Directed,1721,,,1
8,81,Directed,1722,,,1
82,81,Directed,1723,,,2
101,81,Directed,1724,,,2
49,81,Directed,1725,,,2
76,81,Directed,1726,,,1
78,81,Directed,1727,,,2
109,81,Directed,1728,,,2
59,81,Directed,1729,,,2
38,81,Directed,1730,,,2
25,81,Directed,1731,,,1
90,81,Directed,1732,,,2
52,81,Directed,1733,,,1
96,81,Directed,1734,,,4
103,81,Directed,1735,,,2
92,81,Directed,1736,,,2
41,81,Directed,1737,,,3
48,81,Directed,1738,,,5
65,81,Directed,1739,,,2
74,81,Directed,1740,,,1
95,81,Directed,1741,,,5
6,81,Directed,1742,,,1
86,81,Directed,1743,,,1
55,81,Directed,1744,,,2
69,81,Directed,1745,,,1
43,81,Directed,1746,,,1
72,81,Directed,1747,,,2
108,81,Directed,1748,,,1
27,81,Directed,1749,,,2
91,83,Directed,1750,,,1
20,83,Directed,1751,,,1
13,83,Directed,1752,,,1
6,83,Directed,1753,,,1
35,83,Directed,1754,,,1
79,83,Directed,1755,,,1
55,83,Directed,1756,,,1
22,83,Directed,1757,,,1
76,83,Directed,1758,,,1
67,83,Directed,1759,,,1
82,83,Directed,1760,,,1
49,83,Directed,1761,,,1
53,83,Directed,1762,,,1
27,83,Directed,1763,,,1
108,83,Directed,1764,,,1
4,84,Directed,1765,,,4
87,84,Directed,1766,,,1
45,84,Directed,1767,,,1
33,84,Directed,1768,,,1
76,84,Directed,1769,,,8
69,84,Directed,1770,,,2
49,84,Directed,1771,,,4
9,84,Directed,1772,,,1
82,84,Directed,1773,,,11
20,84,Directed,1774,,,7
27,84,Directed,1775,,,1
13,84,Directed,1776,,,2
67,84,Directed,1777,,,2
28,84,Directed,1778,,,2
35,84,Directed,1779,,,6
22,84,Directed,1780,,,2
14,84,Directed,1781,,,4
53,84,Directed,1782,,,11
52,84,Directed,1783,,,1
37,84,Directed,1784,,,2
104,84,Directed,1785,,,4
101,84,Directed,1786,,,1
2,84,Directed,1787,,,4
36,84,Directed,1788,,,2
108,84,Directed,1789,,,12
98,84,Directed,1790,,,1
77,84,Directed,1791,,,2
23,84,Directed,1792,,,2
18,84,Directed,1793,,,2
6,84,Directed,1794,,,1
54,84,Directed,1795,,,1
49,85,Directed,1796,,,1
79,85,Directed,1797,,,1
37,86,Directed,1798,,,1
38,86,Directed,1799,,,1
12,86,Directed,1800,,,1
88,86,Directed,1801,,,1
60,86,Directed,1802,,,2
41,86,Directed,1803,,,1
4,86,Directed,1804,,,1
2,86,Directed,1805,,,2
35,86,Directed,1806,,,1
22,86,Directed,1807,,,3
20,86,Directed,1808,,,5
47,86,Directed,1809,,,1
67,86,Directed,1810,,,2
52,86,Directed,1811,,,1
29,86,Directed,1812,,,1
95,86,Directed,1813,,,1
28,86,Directed,1814,,,1
31,86,Directed,1815,,,1
109,86,Directed,1816,,,1
54,86,Directed,1817,,,1
14,86,Directed,1818,,,1
36,86,Directed,1819,,,1
82,86,Directed,1820,,,1
76,86,Directed,1821,,,1
49,86,Directed,1822,,,3
101,86,Directed,1823,,,2
55,86,Directed,1824,,,1
21,86,Directed,1825,,,1
27,86,Directed,1826,,,1
89,86,Directed,1827,,,1
108,86,Directed,1828,,,1
103,86,Directed,1829,,,2
42,86,Directed,1830,,,3
45,86,Directed,1831,,,2
15,86,Directed,1832,,,1
69,86,Directed,1833,,,4
1,87,Directed,1834,,,1
28,87,Directed,1835,,,1
6,87,Directed,1836,,,1
59,87,Directed,1837,,,5
108,87,Directed,1838,,,2
38,87,Directed,1839,,,1
22,87,Directed,1840,,,2
4,87,Directed,1841,,,1
86,87,Directed,1842,,,5
104,87,Directed,1843,,,1
55,87,Directed,1844,,,1
15,87,Directed,1845,,,1
60,87,Directed,1846,,,1
101,87,Directed,1847,,,1
3,87,Directed,1848,,,1
20,87,Directed,1849,,,5
40,87,Directed,1850,,,1
73,87,Directed,1851,,,1
2,87,Directed,1852,,,1
14,87,Directed,1853,,,1
82,87,Directed,1854,,,2
53,87,Directed,1855,,,2
69,87,Directed,1856,,,3
70,87,Directed,1857,,,1
23,87,Directed,1858,,,1
35,87,Directed,1859,,,3
92,87,Directed,1860,,,1
44,87,Directed,1861,,,1
18,87,Directed,1862,,,2
54,89,Directed,1863,,,2
31,89,Directed,1864,,,2
102,89,Directed,1865,,,2
45,89,Directed,1866,,,2
88,89,Directed,1867,,,1
65,89,Directed,1868,,,2
41,89,Directed,1869,,,2
5,89,Directed,1870,,,2
65,90,Directed,1871,,,3
54,90,Directed,1872,,,4
5,90,Directed,1873,,,3
45,90,Directed,1874,,,5
88,90,Directed,1875,,,3
41,90,Directed,1876,,,3
31,90,Directed,1877,,,2
102,90,Directed,1878,,,3
89,90,Directed,1879,,,3
59,91,Directed,1880,,,2
37,91,Directed,1881,,,1
86,91,Directed,1882,,,1
47,92,Directed,1883,,,1
41,92,Directed,1884,,,5
60,92,Directed,1885,,,3
12,92,Directed,1886,,,1
82,92,Directed,1887,,,2
101,92,Directed,1888,,,2
14,92,Directed,1889,,,1
103,92,Directed,1890,,,3
5,92,Directed,1891,,,2
69,92,Directed,1892,,,4
45,92,Directed,1893,,,1
4,92,Directed,1894,,,2
86,92,Directed,1895,,,6
99,92,Directed,1896,,,1
33,92,Directed,1897,,,2
54,92,Directed,1898,,,4
22,92,Directed,1899,,,1
108,92,Directed,1900,,,4
98,92,Directed,1901,,,3
18,92,Directed,1902,,,3
53,92,Directed,1903,,,4
2,92,Directed,1904,,,2
20,92,Directed,1905,,,5
35,92,Directed,1906,,,4
38,92,Directed,1907,,,4
70,92,Directed,1908,,,2
15,92,Directed,1909,,,1
59,92,Directed,1910,,,3
49,92,Directed,1911,,,2
102,92,Directed,1912,,,3
37,92,Directed,1913,,,1
31,92,Directed,1914,,,2
104,92,Directed,1915,,,1
43,92,Directed,1916,,,1
28,92,Directed,1917,,,5
78,92,Directed,1918,,,1
73,92,Directed,1919,,,2
67,92,Directed,1920,,,2
36,92,Directed,1921,,,2
76,92,Directed,1922,,,3
3,92,Directed,1923,,,2
55,92,Directed,1924,,,7
6,92,Directed,1925,,,1
27,92,Directed,1926,,,2
36,93,Directed,1927,,,5
61,93,Directed,1928,,,2
49,93,Directed,1929,,,10
44,93,Directed,1930,,,1
71,93,Directed,1931,,,1
4,93,Directed,1932,,,5
54,93,Directed,1933,,,6
42,93,Directed,1934,,,1
22,93,Directed,1935,,,14
69,93,Directed,1936,,,12
30,93,Directed,1937,,,3
58,93,Directed,1938,,,2
89,93,Directed,1939,,,2
12,93,Directed,1940,,,3
86,93,Directed,1941,,,13
95,93,Directed,1942,,,8
76,93,Directed,1943,,,13
92,93,Directed,1944,,,2
14,93,Directed,1945,,,4
1,93,Directed,1946,,,1
7,93,Directed,1947,,,1
63,93,Directed,1948,,,1
5,93,Directed,1949,,,5
2,93,Directed,1950,,,4
67,93,Directed,1951,,,7
38,93,Directed,1952,,,9
40,93,Directed,1953,,,1
33,93,Directed,1954,,,4
78,93,Directed,1955,,,2
32,93,Directed,1956,,,4
13,93,Directed,1957,,,6
35,93,Directed,1958,,,15
82,93,Directed,1959,,,16
20,93,Directed,1960,,,24
48,93,Directed,1961,,,3
81,93,Directed,1962,,,1
74,93,Directed,1963,,,2
19,93,Directed,1964,,,1
73,93,Directed,1965,,,7
79,93,Directed,1966,,,6
55,93,Directed,1967,,,9
34,93,Directed,1968,,,2
87,93,Directed,1969,,,3
11,93,Directed,1970,,,1
91,93,Directed,1971,,,2
15,93,Directed,1972,,,2
26,93,Directed,1973,,,2
59,93,Directed,1974,,,14
84,93,Directed,1975,,,2
31,93,Directed,1976,,,1
99,93,Directed,1977,,,1
45,93,Directed,1978,,,1
96,93,Directed,1979,,,3
27,93,Directed,1980,,,3
46,93,Directed,1981,,,2
109,93,Directed,1982,,,1
6,93,Directed,1983,,,1
101,93,Directed,1984,,,3
65,93,Directed,1985,,,7
108,93,Directed,1986,,,14
52,93,Directed,1987,,,3
23,93,Directed,1988,,,9
3,93,Directed,1989,,,3
62,93,Directed,1990,,,1
41,93,Directed,1991,,,8
37,93,Directed,1992,,,8
104,93,Directed,1993,,,3
77,93,Directed,1994,,,5
28,93,Directed,1995,,,9
98,93,Directed,1996,,,5
80,93,Directed,1997,,,1
88,93,Directed,1998,,,3
18,93,Directed,1999,,,4
97,93,Directed,2000,,,1
53,93,Directed,2001,,,18
102,93,Directed,2002,,,2
100,93,Directed,2003,,,3
60,93,Directed,2004,,,8
52,95,Directed,2005,,,1
31,95,Directed,2006,,,1
53,95,Directed,2007,,,1
28,95,Directed,2008,,,1
60,95,Directed,2009,,,3
29,95,Directed,2010,,,1
27,95,Directed,2011,,,1
33,95,Directed,2012,,,1
70,95,Directed,2013,,,1
22,95,Directed,2014,,,1
73,95,Directed,2015,,,1
82,95,Directed,2016,,,1
42,95,Directed,2017,,,1
108,95,Directed,2018,,,1
49,95,Directed,2019,,,1
101,95,Directed,2020,,,1
12,95,Directed,2021,,,1
20,95,Directed,2022,,,2
102,95,Directed,2023,,,1
3,95,Directed,2024,,,1
54,95,Directed,2025,,,1
55,95,Directed,2026,,,1
45,95,Directed,2027,,,1
78,95,Directed,2028,,,1
88,96,Directed,2029,,,2
41,96,Directed,2030,,,3
86,96,Directed,2031,,,1
43,96,Directed,2032,,,1
31,96,Directed,2033,,,1
3,96,Directed,2034,,,1
20,96,Directed,2035,,,2
73,96,Directed,2036,,,2
108,96,Directed,2037,,,1
22,96,Directed,2038,,,1
48,96,Directed,2039,,,1
78,96,Directed,2040,,,2
69,96,Directed,2041,,,2
2,96,Directed,2042,,,1
55,96,Directed,2043,,,1
76,96,Directed,2044,,,2
60,96,Directed,2045,,,1
72,96,Directed,2046,,,1
38,96,Directed,2047,,,2
74,96,Directed,2048,,,1
59,96,Directed,2049,,,1
98,97,Directed,2050,,,1
38,97,Directed,2051,,,1
35,97,Directed,2052,,,1
23,97,Directed,2053,,,1
55,97,Directed,2054,,,1
108,97,Directed,2055,,,1
49,97,Directed,2056,,,1
41,97,Directed,2057,,,1
92,97,Directed,2058,,,3
28,97,Directed,2059,,,1
18,97,Directed,2060,,,2
99,97,Directed,2061,,,1
20,97,Directed,2062,,,1
101,97,Directed,2063,,,1
59,97,Directed,2064,,,1
50,97,Directed,2065,,,1
86,97,Directed,2066,,,2
108,98,Directed,2067,,,2
28,98,Directed,2068,,,2
21,98,Directed,2069,,,1
6,98,Directed,2070,,,1
23,98,Directed,2071,,,1
35,98,Directed,2072,,,2
101,98,Directed,2073,,,1
31,98,Directed,2074,,,1
59,98,Directed,2075,,,3
38,98,Directed,2076,,,2
86,98,Directed,2077,,,4
49,98,Directed,2078,,,1
27,98,Directed,2079,,,1
22,98,Directed,2080,,,2
82,98,Directed,2081,,,2
5,98,Directed,2082,,,1
79,98,Directed,2083,,,1
65,98,Directed,2084,,,1
95,98,Directed,2085,,,1
67,98,Directed,2086,,,1
20,98,Directed,2087,,,1
76,98,Directed,2088,,,1
53,98,Directed,2089,,,2
73,98,Directed,2090,,,1
59,99,Directed,2091,,,1
102,99,Directed,2092,,,2
54,99,Directed,2093,,,1
38,99,Directed,2094,,,1
35,99,Directed,2095,,,1
52,99,Directed,2096,,,3
103,99,Directed,2097,,,2
55,99,Directed,2098,,,1
20,99,Directed,2099,,,9
5,99,Directed,2100,,,1
88,99,Directed,2101,,,1
31,99,Directed,2102,,,1
60,99,Directed,2103,,,1
79,99,Directed,2104,,,1
86,99,Directed,2105,,,1
89,99,Directed,2106,,,1
43,99,Directed,2107,,,3
101,99,Directed,2108,,,2
37,99,Directed,2109,,,2
22,99,Directed,2110,,,2
90,99,Directed,2111,,,1
41,99,Directed,2112,,,3
47,99,Directed,2113,,,8
49,99,Directed,2114,,,1
45,99,Directed,2115,,,1
23,99,Directed,2116,,,1
42,99,Directed,2117,,,1
38,100,Directed,2118,,,9
65,100,Directed,2119,,,2
45,100,Directed,2120,,,1
51,100,Directed,2121,,,3
2,100,Directed,2122,,,1
72,100,Directed,2123,,,3
77,100,Directed,2124,,,1
53,100,Directed,2125,,,6
48,100,Directed,2126,,,10
55,100,Directed,2127,,,3
49,100,Directed,2128,,,4
11,100,Directed,2129,,,9
109,100,Directed,2130,,,1
61,100,Directed,2131,,,6
17,100,Directed,2132,,,4
12,100,Directed,2133,,,5
47,100,Directed,2134,,,3
92,100,Directed,2135,,,6
44,100,Directed,2136,,,2
56,100,Directed,2137,,,11
60,100,Directed,2138,,,6
36,100,Directed,2139,,,1
103,100,Directed,2140,,,1
94,100,Directed,2141,,,1
63,100,Directed,2142,,,9
25,100,Directed,2143,,,7
16,100,Directed,2144,,,4
95,100,Directed,2145,,,4
26,100,Directed,2146,,,6
10,100,Directed,2147,,,1
102,100,Directed,2148,,,5
96,100,Directed,2149,,,9
42,100,Directed,2150,,,6
21,100,Directed,2151,,,3
33,100,Directed,2152,,,2
58,100,Directed,2153,,,1
98,100,Directed,2154,,,1
86,100,Directed,2155,,,2
108,100,Directed,2156,,,2
71,100,Directed,2157,,,4
7,100,Directed,2158,,,9
14,100,Directed,2159,,,1
4,100,Directed,2160,,,1
20,100,Directed,2161,,,3
54,100,Directed,2162,,,4
41,100,Directed,2163,,,5
89,100,Directed,2164,,,3
52,100,Directed,2165,,,2
22,100,Directed,2166,,,8
76,100,Directed,2167,,,3
27,100,Directed,2168,,,1
78,100,Directed,2169,,,4
67,100,Directed,2170,,,2
9,100,Directed,2171,,,5
99,100,Directed,2172,,,2
101,100,Directed,2173,,,5
28,100,Directed,2174,,,1
73,100,Directed,2175,,,5
68,100,Directed,2176,,,6
81,100,Directed,2177,,,12
69,100,Directed,2178,,,3
29,100,Directed,2179,,,5
5,100,Directed,2180,,,3
74,100,Directed,2181,,,6
31,100,Directed,2182,,,2
82,100,Directed,2183,,,3
13,100,Directed,2184,,,1
43,100,Directed,2185,,,1
82,101,Directed,2186,,,1
73,101,Directed,2187,,,1
70,101,Directed,2188,,,1
14,101,Directed,2189,,,4
2,101,Directed,2190,,,4
78,101,Directed,2191,,,1
4,101,Directed,2192,,,3
108,101,Directed,2193,,,1
40,101,Directed,2194,,,2
15,101,Directed,2195,,,2
35,101,Directed,2196,,,1
28,101,Directed,2197,,,2
53,101,Directed,2198,,,1
20,101,Directed,2199,,,5
3,101,Directed,2200,,,1
1,101,Directed,2201,,,1
44,101,Directed,2202,,,1
104,101,Directed,2203,,,4
34,101,Directed,2204,,,1
4,103,Directed,2205,,,1
20,103,Directed,2206,,,1
1,103,Directed,2207,,,1
34,103,Directed,2208,,,1
82,103,Directed,2209,,,1
2,103,Directed,2210,,,1
70,103,Directed,2211,,,1
104,103,Directed,2212,,,1
14,103,Directed,2213,,,1
80,103,Directed,2214,,,1
44,103,Directed,2215,,,1
14,105,Directed,2216,,,1
2,105,Directed,2217,,,1
4,105,Directed,2218,,,1
104,105,Directed,2219,,,1
20,105,Directed,2220,,,1
54,105,Directed,2221,,,1
1,106,Directed,2222,,,1
35,106,Directed,2223,,,1
72,106,Directed,2224,,,1
74,106,Directed,2225,,,1
53,106,Directed,2226,,,1
104,106,Directed,2227,,,1
49,106,Directed,2228,,,1
70,106,Directed,2229,,,1
95,106,Directed,2230,,,1
11,106,Directed,2231,,,1
12,106,Directed,2232,,,1
23,106,Directed,2233,,,1
67,106,Directed,2234,,,1
29,106,Directed,2235,,,1
103,106,Directed,2236,,,1
44,106,Directed,2237,,,1
43,106,Directed,2238,,,1
28,106,Directed,2239,,,1
42,106,Directed,2240,,,1
14,106,Directed,2241,,,1
45,106,Directed,2242,,,1
3,106,Directed,2243,,,1
52,106,Directed,2244,,,1
6,106,Directed,2245,,,1
20,106,Directed,2246,,,1
18,107,Directed,2247,,,1
22,107,Directed,2248,,,1
4,107,Directed,2249,,,2
10,107,Directed,2250,,,1
99,107,Directed,2251,,,1
58,107,Directed,2252,,,2
8,107,Directed,2253,,,1
20,107,Directed,2254,,,2
51,107,Directed,2255,,,1
13,107,Directed,2256,,,1
67,107,Directed,2257,,,1
14,107,Directed,2258,,,2
98,107,Directed,2259,,,1
93,107,Directed,2260,,,2
17,107,Directed,2261,,,1
49,107,Directed,2262,,,1
56,107,Directed,2263,,,1
65,107,Directed,2264,,,1
81,107,Directed,2265,,,1
16,107,Directed,2266,,,1
104,107,Directed,2267,,,2
88,107,Directed,2268,,,1
2,107,Directed,2269,,,2
47,107,Directed,2270,,,1
11,107,Directed,2271,,,1
73,107,Directed,2272,,,1
23,107,Directed,2273,,,1
82,108,Directed,2274,,,17
53,108,Directed,2275,,,13
35,108,Directed,2276,,,14
28,108,Directed,2277,,,9
82,109,Directed,2278,,,1
20,109,Directed,2279,,,1
2,109,Directed,2280,,,1
28,109,Directed,2281,,,1
104,109,Directed,2282,,,1
70,109,Directed,2283,,,1
1,109,Directed,2284,,,1
44,109,Directed,2285,,,1
69,109,Directed,2286,,,1
42,109,Directed,2287,,,1
14,109,Directed,2288,,,1
4,109,Directed,2289,,,2
80,109,Directed,2290,,,1
